channel,process,systematic,bin,sum_w,sum_ww
bin1,background,nominal,0,1825.1408000000001,1825.1408000000001
bin1,background,nominal,1,2013.536,2013.536
bin1,background,nominal,2,2195.9504,2195.9504
bin1,background,nominal,3,2334.5056,2334.5056
bin1,background,nominal,4,2568.7536,2568.7536
bin1,background,nominal,5,2730.2352,2730.2352
bin1,background,nominal,6,2809.9792,2809.9792
bin1,background,nominal,7,2952.5216,2952.5216
bin1,background,nominal,8,3098.0544,3098.0544
bin1,background,nominal,9,3321.3376,3321.3376
bin1,background,nominal,10,3600.4416,3600.4416
bin1,background,nominal,11,3705.1056,3705.1056
bin1,background,nominal,12,3946.3312,3946.3312
bin1,background,nominal,13,4030.0624000000003,4030.0624000000003
bin1,background,nominal,14,4320.1312,4320.1312
bin1,background,nominal,15,4516.5008,4516.5008
bin1,background,nominal,16,4702.9024,4702.9024
bin1,background,nominal,17,4665.024,4665.024
bin1,background,nominal,18,4800.5888,4800.5888
bin1,background,nominal,19,4940.1408,4940.1408
bin1,background,nominal,20,5065.7376,5065.7376
bin1,background,nominal,21,5159.4368,5159.4368
bin1,background,nominal,22,5157.4432,5157.4432
bin1,background,nominal,23,5380.7264000000005,5380.7264000000005
bin1,background,nominal,24,5494.3616,5494.3616
bin1,background,nominal,25,5597.032,5597.032
bin1,background,nominal,26,5661.8240000000005,5661.8240000000005
bin1,background,nominal,27,5702.6928,5702.6928
bin1,background,nominal,28,5721.6320000000005,5721.6320000000005
bin1,background,nominal,29,5883.1136,5883.1136
bin1,background,nominal,30,5802.3728,5802.3728
bin1,background,nominal,31,5918.9984,5918.9984
bin1,background,nominal,32,5990.768,5990.768
bin1,background,nominal,33,5961.8608,5961.8608
bin1,background,nominal,34,6204.0832,6204.0832
bin1,background,nominal,35,6102.4096,6102.4096
bin1,background,nominal,36,6222.0256,6222.0256
bin1,background,nominal,37,6169.1952,6169.1952
bin1,background,nominal,38,6144.2752,6144.2752
bin1,background,nominal,39,6219.0352,6219.0352
bin1,background,nominal,40,6304.76,6304.76
bin1,background,nominal,41,6312.7344,6312.7344
bin1,background,nominal,42,6255.9168,6255.9168
bin1,background,nominal,43,6250.9328000000005,6250.9328000000005
bin1,background,nominal,44,6198.1024,6198.1024
bin1,background,nominal,45,6259.904,6259.904
bin1,background,nominal,46,6292.7984,6292.7984
bin1,background,nominal,47,6241.9616000000005,6241.9616000000005
bin1,background,nominal,48,6191.1248000000005,6191.1248000000005
bin1,background,nominal,49,6371.5456,6371.5456
bin1,background,nominal,50,6294.792,6294.792
bin1,background,nominal,51,6339.648,6339.648
bin1,background,nominal,52,6233.9872000000005,6233.9872000000005
bin1,background,nominal,53,6258.907200000001,6258.907200000001
bin1,background,nominal,54,6148.2624000000005,6148.2624000000005
bin1,background,nominal,55,6039.6112,6039.6112
bin1,background,nominal,56,6099.4192,6099.4192
bin1,background,nominal,57,6086.4608,6086.4608
bin1,background,nominal,58,6247.9424,6247.9424
bin1,background,nominal,59,6289.808,6289.808
bin1,background,nominal,60,6135.304,6135.304
bin1,background,nominal,61,6005.72,6005.72
bin1,background,nominal,62,6128.3264,6128.3264
bin1,background,nominal,63,5960.8640000000005,5960.8640000000005
bin1,background,nominal,64,5878.1296,5878.1296
bin1,background,nominal,65,5952.8896,5952.8896
bin1,background,nominal,66,5996.7488,5996.7488
bin1,background,nominal,67,6060.544,6060.544
bin1,background,nominal,68,5999.7392,5999.7392
bin1,background,nominal,69,5919.9952,5919.9952
bin1,background,nominal,70,5904.0464,5904.0464
bin1,background,nominal,71,5837.2608,5837.2608
bin1,background,nominal,72,5754.5264,5754.5264
bin1,background,nominal,73,5647.8688,5647.8688
bin1,background,nominal,74,5679.7664,5679.7664
bin1,background,nominal,75,5580.0864,5580.0864
bin1,background,nominal,76,5643.8816,5643.8816
bin1,background,nominal,77,5667.8048,5667.8048
bin1,background,nominal,78,5623.9456,5623.9456
bin1,background,nominal,79,5481.4032,5481.4032
bin1,background,nominal,80,5498.3488,5498.3488
bin1,background,nominal,81,5498.3488,5498.3488
bin1,background,nominal,82,5374.7456,5374.7456
bin1,background,nominal,83,5420.5984,5420.5984
bin1,background,nominal,84,5348.8288,5348.8288
bin1,background,nominal,85,5190.3376,5190.3376
bin1,background,nominal,86,5168.408,5168.408
bin1,background,nominal,87,5345.838400000001,5345.838400000001
bin1,background,nominal,88,5184.3568000000005,5184.3568000000005
bin1,background,nominal,89,5036.8304,5036.8304
bin1,background,nominal,90,5112.5872,5112.5872
bin1,background,nominal,91,5117.5712,5117.5712
bin1,background,nominal,92,4945.1248000000005,4945.1248000000005
bin1,background,nominal,93,5028.856,5028.856
bin1,background,nominal,94,4923.1952,4923.1952
bin1,background,nominal,95,4932.1664,4932.1664
bin1,background,nominal,96,4848.4352,4848.4352
bin1,background,nominal,97,4820.5248,4820.5248
bin1,background,nominal,98,4689.944,4689.944
bin1,background,nominal,99,4652.0656,4652.0656
bin1,background,nominal,100,4767.6944,4767.6944
bin1,background,nominal,101,4619.1712,4619.1712
bin1,background,nominal,102,4667.0176,4667.0176
bin1,background,nominal,103,4544.4112000000005,4544.4112000000005
bin1,background,nominal,104,4492.5776000000005,4492.5776000000005
bin1,background,nominal,105,4669.0112,4669.0112
bin1,background,nominal,106,4612.1936000000005,4612.1936000000005
bin1,background,nominal,107,4446.7248,4446.7248
bin1,background,nominal,108,4370.968,4370.968
bin1,background,nominal,109,4295.2112,4295.2112
bin1,background,nominal,110,4369.9712,4369.9712
bin1,background,nominal,111,4385.92,4385.92
bin1,background,nominal,112,4281.256,4281.256
bin1,background,nominal,113,4282.2528,4282.2528
bin1,background,nominal,114,4361.0,4361.0
bin1,background,nominal,115,4201.512,4201.512
bin1,background,nominal,116,4092.8608,4092.8608
bin1,background,nominal,117,4063.9536000000003,4063.9536000000003
bin1,background,nominal,118,3961.2832,3961.2832
bin1,background,nominal,119,3926.3952,3926.3952
bin1,background,nominal,120,4074.9184,4074.9184
bin1,background,nominal,121,3890.5104,3890.5104
bin1,background,nominal,122,3804.7856,3804.7856
bin1,background,nominal,123,3933.3728,3933.3728
bin1,background,nominal,124,3780.8624,3780.8624
bin1,background,nominal,125,3821.7312,3821.7312
bin1,background,nominal,126,3796.8112,3796.8112
bin1,background,nominal,127,3754.9456,3754.9456
bin1,background,nominal,128,3568.544,3568.544
bin1,background,nominal,129,3677.1952,3677.1952
bin1,background,nominal,130,3693.1440000000002,3693.1440000000002
bin1,background,nominal,131,3647.2912,3647.2912
bin1,background,nominal,132,3553.592,3553.592
bin1,background,nominal,133,3485.8096,3485.8096
bin1,background,nominal,134,3478.832,3478.832
bin1,background,nominal,135,3431.9824,3431.9824
bin1,background,nominal,136,3523.688,3523.688
bin1,background,nominal,137,3381.1456000000003,3381.1456000000003
bin1,background,nominal,138,3329.312,3329.312
bin1,background,nominal,139,3320.3408,3320.3408
bin1,background,nominal,140,3296.4176,3296.4176
bin1,background,nominal,141,3245.5808,3245.5808
bin1,background,nominal,142,3212.6864,3212.6864
bin1,background,nominal,143,3213.6832,3213.6832
bin1,background,nominal,144,3252.5584,3252.5584
bin1,background,nominal,145,3012.3296,3012.3296
bin1,background,nominal,146,3086.0928,3086.0928
bin1,background,nominal,147,3004.3552,3004.3552
bin1,background,nominal,148,3069.1472,3069.1472
bin1,background,nominal,149,2983.4224,2983.4224
bin1,background,nominal,150,2935.576,2935.576
bin1,background,nominal,151,2916.6368,2916.6368
bin1,background,nominal,152,2799.0144,2799.0144
bin1,background,nominal,153,2873.7744000000002,2873.7744000000002
bin1,background,nominal,154,2863.8064,2863.8064
bin1,background,nominal,155,2810.976,2810.976
bin1,background,nominal,156,2760.1392,2760.1392
bin1,background,nominal,157,2781.072,2781.072
bin1,background,nominal,158,2743.1936,2743.1936
bin1,background,nominal,159,2675.4112,2675.4112
bin1,background,nominal,160,2664.4464000000003,2664.4464000000003
bin1,background,nominal,161,2702.3248,2702.3248
bin1,background,nominal,162,2707.3088000000002,2707.3088000000002
bin1,background,nominal,163,2634.5424000000003,2634.5424000000003
bin1,background,nominal,164,2540.8432000000003,2540.8432000000003
bin1,background,nominal,165,2598.6576,2598.6576
bin1,background,nominal,166,2507.9488,2507.9488
bin1,background,nominal,167,2500.9712,2500.9712
bin1,background,nominal,168,2412.256,2412.256
bin1,background,nominal,169,2442.16,2442.16
bin1,background,nominal,170,2411.2592,2411.2592
bin1,background,nominal,171,2334.5056,2334.5056
bin1,background,nominal,172,2412.256,2412.256
bin1,background,nominal,173,2340.4864000000002,2340.4864000000002
bin1,background,nominal,174,2290.6464,2290.6464
bin1,background,nominal,175,2242.8,2242.8
bin1,background,nominal,176,2317.56,2317.56
bin1,background,nominal,177,2142.1232,2142.1232
bin1,background,nominal,178,2171.0304,2171.0304
bin1,background,nominal,179,2019.5168,2019.5168
bin1,background,nominal,180,2153.088,2153.088
bin1,background,nominal,181,2128.168,2128.168
bin1,background,nominal,182,2062.3792,2062.3792
bin1,background,nominal,183,2084.3088000000002,2084.3088000000002
bin1,background,nominal,184,2059.3888,2059.3888
bin1,background,nominal,185,1957.7152,1957.7152
bin1,background,nominal,186,1950.7376,1950.7376
bin1,background,nominal,187,1988.616,1988.616
bin1,background,nominal,188,2027.4912,2027.4912
bin1,background,nominal,189,1903.8880000000001,1903.8880000000001
bin1,background,nominal,190,1948.7440000000001,1948.7440000000001
bin1,background,nominal,191,1869.9968000000001,1869.9968000000001
bin1,background,nominal,192,1869.0,1869.0
bin1,background,nominal,193,1752.3744,1752.3744
bin1,background,nominal,194,1840.0928000000001,1840.0928000000001
bin1,background,nominal,195,1774.304,1774.304
bin1,background,nominal,196,1707.5184,1707.5184
bin1,background,nominal,197,1687.5824,1687.5824
bin1,background,nominal,198,1632.7584,1632.7584
bin1,background,nominal,199,1564.976,1564.976
bin1,background,nominal,200,1555.008,1555.008
bin1,background,nominal,201,1701.5376,1701.5376
bin1,background,nominal,202,1648.7072,1648.7072
bin1,background,nominal,203,1547.0336,1547.0336
bin1,background,nominal,204,1532.0816,1532.0816
bin1,background,nominal,205,1583.9152000000001,1583.9152000000001
bin1,background,nominal,206,1607.8384,1607.8384
bin1,background,nominal,207,1536.0688,1536.0688
bin1,background,nominal,208,1515.136,1515.136
bin1,background,nominal,209,1475.2640000000001,1475.2640000000001
bin1,background,nominal,210,1422.4336,1422.4336
bin1,background,nominal,211,1430.4080000000001,1430.4080000000001
bin1,background,nominal,212,1430.4080000000001,1430.4080000000001
bin1,background,nominal,213,1434.3952,1434.3952
bin1,background,nominal,214,1369.6032,1369.6032
bin1,background,nominal,215,1345.68,1345.68
bin1,background,nominal,216,1348.6704,1348.6704
bin1,background,nominal,217,1298.8304,1298.8304
bin1,background,nominal,218,1304.8112,1304.8112
bin1,background,nominal,219,1378.5744,1378.5744
bin1,background,nominal,220,1275.904,1275.904
bin1,background,nominal,221,1250.984,1250.984
bin1,background,nominal,222,1307.8016,1307.8016
bin1,background,nominal,223,1282.8816,1282.8816
bin1,background,nominal,224,1233.0416,1233.0416
bin1,background,nominal,225,1237.0288,1237.0288
bin1,background,nominal,226,1212.1088,1212.1088
bin1,background,nominal,227,1182.2048,1182.2048
bin1,background,nominal,228,1148.3136,1148.3136
bin1,background,nominal,229,1233.0416,1233.0416
bin1,background,nominal,230,1170.2432000000001,1170.2432000000001
bin1,background,nominal,231,1189.1824,1189.1824
bin1,background,nominal,232,1112.4288,1112.4288
bin1,background,nominal,233,1068.5696,1068.5696
bin1,background,nominal,234,1100.4672,1100.4672
bin1,background,nominal,235,1108.4416,1108.4416
bin1,background,nominal,236,1040.6592,1040.6592
bin1,background,nominal,237,1042.6528,1042.6528
bin1,background,nominal,238,1089.5024,1089.5024
bin1,background,nominal,239,1016.736,1016.736
bin1,background,nominal,240,1020.7232,1020.7232
bin1,background,nominal,241,1059.5984,1059.5984
bin1,background,nominal,242,993.8096,993.8096
bin1,background,nominal,243,1000.7872,1000.7872
bin1,background,nominal,244,941.976,941.976
bin1,background,nominal,245,952.9408,952.9408
bin1,background,nominal,246,932.008,932.008
bin1,background,nominal,247,896.1232,896.1232
bin1,background,nominal,248,892.136,892.136
bin1,background,nominal,249,890.1424000000001,890.1424000000001
bin1,background,nominal,250,897.12,897.12
bin1,background,nominal,251,879.1776,879.1776
bin1,background,nominal,252,849.2736,849.2736
bin1,background,nominal,253,793.4528,793.4528
bin1,background,nominal,254,837.312,837.312
bin1,background,nominal,255,855.2544,855.2544
bin1,background,nominal,256,839.3056,839.3056
bin1,background,nominal,257,743.6128,743.6128
bin1,background,nominal,258,821.3632,821.3632
bin1,background,nominal,259,779.4976,779.4976
bin1,background,nominal,260,784.4816000000001,784.4816000000001
bin1,background,nominal,261,757.568,757.568
bin1,background,nominal,262,770.5264,770.5264
bin1,background,nominal,263,746.6032,746.6032
bin1,background,nominal,264,731.6512,731.6512
bin1,background,nominal,265,734.6416,734.6416
bin1,background,nominal,266,670.8464,670.8464
bin1,background,nominal,267,702.744,702.744
bin1,background,nominal,268,665.8624,665.8624
bin1,background,nominal,269,653.9008,653.9008
bin1,background,nominal,270,655.8944,655.8944
bin1,background,nominal,271,647.92,647.92
bin1,background,nominal,272,637.952,637.952
bin1,background,nominal,273,608.048,608.048
bin1,background,nominal,274,635.9584,635.9584
bin1,background,nominal,275,613.032,613.032
bin1,background,nominal,276,613.032,613.032
bin1,background,nominal,277,627.984,627.984
bin1,background,nominal,278,612.0352,612.0352
bin1,background,nominal,279,585.1216000000001,585.1216000000001
bin1,background,nominal,280,579.1408,579.1408
bin1,background,nominal,281,579.1408,579.1408
bin1,background,nominal,282,575.1536,575.1536
bin1,background,nominal,283,594.0928,594.0928
bin1,background,nominal,284,508.368,508.368
bin1,background,nominal,285,529.3008,529.3008
bin1,background,nominal,286,515.3456,515.3456
bin1,background,nominal,287,526.3104,526.3104
bin1,background,nominal,288,533.288,533.288
bin1,background,nominal,289,484.4448,484.4448
bin1,background,nominal,290,535.2816,535.2816
bin1,background,nominal,291,489.4288,489.4288
bin1,background,nominal,292,477.4672,477.4672
bin1,background,nominal,293,473.48,473.48
bin1,background,nominal,294,479.4608,479.4608
bin1,background,nominal,295,475.47360000000003,475.47360000000003
bin1,background,nominal,296,467.49920000000003,467.49920000000003
bin1,background,nominal,297,459.5248,459.5248
bin1,background,nominal,298,454.5408,454.5408
bin1,background,nominal,299,483.44800000000004,483.44800000000004
bin1,background,nominal,300,392.7392,392.7392
bin1,background,nominal,301,413.672,413.672
bin1,background,nominal,302,416.6624,416.6624
bin1,background,nominal,303,425.6336,425.6336
bin1,background,nominal,304,421.6464,421.6464
bin1,background,nominal,305,389.7488,389.7488
bin1,background,nominal,306,416.6624,416.6624
bin1,background,nominal,307,396.7264,396.7264
bin1,background,nominal,308,329.9408,329.9408
bin1,background,nominal,309,364.8288,364.8288
bin1,background,nominal,310,384.7648,384.7648
bin1,background,nominal,311,364.8288,364.8288
bin1,background,nominal,312,366.8224,366.8224
bin1,background,nominal,313,351.8704,351.8704
bin1,background,nominal,314,310.0048,310.0048
bin1,background,nominal,315,335.9216,335.9216
bin1,background,nominal,316,350.8736,350.8736
bin1,background,nominal,317,341.9024,341.9024
bin1,background,nominal,318,310.0048,310.0048
bin1,background,nominal,319,303.0272,303.0272
bin1,background,nominal,320,327.9472,327.9472
bin1,background,nominal,321,316.9824,316.9824
bin1,background,nominal,322,309.008,309.008
bin1,background,nominal,323,310.0048,310.0048
bin1,background,nominal,324,333.928,333.928
bin1,background,nominal,325,312.9952,312.9952
bin1,background,nominal,326,284.088,284.088
bin1,background,nominal,327,293.05920000000003,293.05920000000003
bin1,background,nominal,328,274.12,274.12
bin1,background,nominal,329,277.1104,277.1104
bin1,background,nominal,330,313.992,313.992
bin1,background,nominal,331,253.18720000000002,253.18720000000002
bin1,background,nominal,332,246.2096,246.2096
bin1,background,nominal,333,256.1776,256.1776
bin1,background,nominal,334,236.2416,236.2416
bin1,background,nominal,335,250.1968,250.1968
bin1,background,nominal,336,244.216,244.216
bin1,background,nominal,337,234.248,234.248
bin1,background,nominal,338,236.2416,236.2416
bin1,background,nominal,339,228.2672,228.2672
bin1,background,nominal,340,227.2704,227.2704
bin1,background,nominal,341,221.2896,221.2896
bin1,background,nominal,342,210.3248,210.3248
bin1,background,nominal,343,228.2672,228.2672
bin1,background,nominal,344,205.3408,205.3408
bin1,background,nominal,345,215.3088,215.3088
bin1,background,nominal,346,222.28640000000001,222.28640000000001
bin1,background,nominal,347,225.2768,225.2768
bin1,background,nominal,348,212.3184,212.3184
bin1,background,nominal,349,175.4368,175.4368
bin1,background,nominal,350,209.328,209.328
bin1,background,nominal,351,204.344,204.344
bin1,background,nominal,352,203.34720000000002,203.34720000000002
bin1,background,nominal,353,185.4048,185.4048
bin1,background,nominal,354,202.3504,202.3504
bin1,background,nominal,355,167.4624,167.4624
bin1,background,nominal,356,164.472,164.472
bin1,background,nominal,357,148.5232,148.5232
bin1,background,nominal,358,187.3984,187.3984
bin1,background,nominal,359,163.4752,163.4752
bin1,background,nominal,360,202.3504,202.3504
bin1,background,nominal,361,165.46880000000002,165.46880000000002
bin1,background,nominal,362,167.4624,167.4624
bin1,background,nominal,363,172.4464,172.4464
bin1,background,nominal,364,148.5232,148.5232
bin1,background,nominal,365,161.48160000000001,161.48160000000001
bin1,background,nominal,366,157.4944,157.4944
bin1,background,nominal,367,170.4528,170.4528
bin1,background,nominal,368,144.536,144.536
bin1,background,nominal,369,164.472,164.472
bin1,background,nominal,370,132.5744,132.5744
bin1,background,nominal,371,135.5648,135.5648
bin1,background,nominal,372,137.5584,137.5584
bin1,background,nominal,373,127.5904,127.5904
bin1,background,nominal,374,136.5616,136.5616
bin1,background,nominal,375,131.5776,131.5776
bin1,background,nominal,376,132.5744,132.5744
bin1,background,nominal,377,123.6032,123.6032
bin1,background,nominal,378,132.5744,132.5744
bin1,background,nominal,379,140.5488,140.5488
bin1,background,nominal,380,119.616,119.616
bin1,background,nominal,381,123.6032,123.6032
bin1,background,nominal,382,113.6352,113.6352
bin1,background,nominal,383,124.60000000000001,124.60000000000001
bin1,background,nominal,384,103.66720000000001,103.66720000000001
bin1,background,nominal,385,114.632,114.632
bin1,background,nominal,386,98.6832,98.6832
bin1,background,nominal,387,100.6768,100.6768
bin1,background,nominal,388,100.6768,100.6768
bin1,background,nominal,389,104.664,104.664
bin1,background,nominal,390,99.68,99.68
bin1,background,nominal,391,102.6704,102.6704
bin1,background,nominal,392,117.6224,117.6224
bin1,background,nominal,393,101.67360000000001,101.67360000000001
bin1,background,nominal,394,92.7024,92.7024
bin1,background,nominal,395,93.6992,93.6992
bin1,background,nominal,396,83.7312,83.7312
bin1,background,nominal,397,100.6768,100.6768
bin1,background,nominal,398,95.6928,95.6928
bin1,background,nominal,399,93.6992,93.6992
bin1,background,nominal,400,85.7248,85.7248
bin1,background,nominal,401,91.7056,91.7056
bin1,background,nominal,402,91.7056,91.7056
bin1,background,nominal,403,89.712,89.712
bin1,background,nominal,404,80.74080000000001,80.74080000000001
bin1,background,nominal,405,85.7248,85.7248
bin1,background,nominal,406,83.7312,83.7312
bin1,background,nominal,407,70.7728,70.7728
bin1,background,nominal,408,69.776,69.776
bin1,background,nominal,409,85.7248,85.7248
bin1,background,nominal,410,79.744,79.744
bin1,background,nominal,411,87.7184,87.7184
bin1,background,nominal,412,66.7856,66.7856
bin1,background,nominal,413,66.7856,66.7856
bin1,background,nominal,414,70.7728,70.7728
bin1,background,nominal,415,63.7952,63.7952
bin1,background,nominal,416,54.824,54.824
bin1,background,nominal,417,52.830400000000004,52.830400000000004
bin1,background,nominal,418,73.7632,73.7632
bin1,background,nominal,419,58.8112,58.8112
bin1,background,nominal,420,52.830400000000004,52.830400000000004
bin1,background,nominal,421,63.7952,63.7952
bin1,background,nominal,422,65.7888,65.7888
bin1,background,nominal,423,53.8272,53.8272
bin1,background,nominal,424,39.872,39.872
bin1,background,nominal,425,51.833600000000004,51.833600000000004
bin1,background,nominal,426,54.824,54.824
bin1,background,nominal,427,50.836800000000004,50.836800000000004
bin1,background,nominal,428,54.824,54.824
bin1,background,nominal,429,53.8272,53.8272
bin1,background,nominal,430,49.84,49.84
bin1,background,nominal,431,48.8432,48.8432
bin1,background,nominal,432,51.833600000000004,51.833600000000004
bin1,background,nominal,433,40.8688,40.8688
bin1,background,nominal,434,43.8592,43.8592
bin1,background,nominal,435,50.836800000000004,50.836800000000004
bin1,background,nominal,436,36.8816,36.8816
bin1,background,nominal,437,54.824,54.824
bin1,background,nominal,438,46.8496,46.8496
bin1,background,nominal,439,41.8656,41.8656
bin1,background,nominal,440,39.872,39.872
bin1,background,nominal,441,32.8944,32.8944
bin1,background,nominal,442,49.84,49.84
bin1,background,nominal,443,37.8784,37.8784
bin1,background,nominal,444,36.8816,36.8816
bin1,background,nominal,445,34.888,34.888
bin1,background,nominal,446,38.8752,38.8752
bin1,background,nominal,447,35.8848,35.8848
bin1,background,nominal,448,39.872,39.872
bin1,background,nominal,449,43.8592,43.8592
bin1,background,nominal,450,29.904,29.904
bin1,background,nominal,451,36.8816,36.8816
bin1,background,nominal,452,28.9072,28.9072
bin1,background,nominal,453,35.8848,35.8848
bin1,background,nominal,454,29.904,29.904
bin1,background,nominal,455,23.9232,23.9232
bin1,background,nominal,456,35.8848,35.8848
bin1,background,nominal,457,30.9008,30.9008
bin1,background,nominal,458,27.9104,27.9104
bin1,background,nominal,459,21.9296,21.9296
bin1,background,nominal,460,26.9136,26.9136
bin1,background,nominal,461,25.916800000000002,25.916800000000002
bin1,background,nominal,462,21.9296,21.9296
bin1,background,nominal,463,18.9392,18.9392
bin1,background,nominal,464,31.8976,31.8976
bin1,background,nominal,465,23.9232,23.9232
bin1,background,nominal,466,23.9232,23.9232
bin1,background,nominal,467,19.936,19.936
bin1,background,nominal,468,16.9456,16.9456
bin1,background,nominal,469,12.958400000000001,12.958400000000001
bin1,background,nominal,470,17.9424,17.9424
bin1,background,nominal,471,15.9488,15.9488
bin1,background,nominal,472,21.9296,21.9296
bin1,background,nominal,473,19.936,19.936
bin1,background,nominal,474,33.8912,33.8912
bin1,background,nominal,475,26.9136,26.9136
bin1,background,nominal,476,16.9456,16.9456
bin1,background,nominal,477,24.92,24.92
bin1,background,nominal,478,24.92,24.92
bin1,background,nominal,479,22.9264,22.9264
bin1,background,nominal,480,17.9424,17.9424
bin1,background,nominal,481,16.9456,16.9456
bin1,background,nominal,482,21.9296,21.9296
bin1,background,nominal,483,18.9392,18.9392
bin1,background,nominal,484,21.9296,21.9296
bin1,background,nominal,485,14.952,14.952
bin1,background,nominal,486,14.952,14.952
bin1,background,nominal,487,14.952,14.952
bin1,background,nominal,488,18.9392,18.9392
bin1,background,nominal,489,12.958400000000001,12.958400000000001
bin1,background,nominal,490,12.958400000000001,12.958400000000001
bin1,background,nominal,491,25.916800000000002,25.916800000000002
bin1,background,nominal,492,16.9456,16.9456
bin1,background,nominal,493,14.952,14.952
bin1,background,nominal,494,14.952,14.952
bin1,background,nominal,495,14.952,14.952
bin1,background,nominal,496,13.9552,13.9552
bin1,background,nominal,497,10.9648,10.9648
bin1,background,nominal,498,16.9456,16.9456
bin1,background,nominal,499,15.9488,15.9488
bin1,signal,nominal,0,0.0,0.0
bin1,signal,nominal,1,0.0,0.0
bin1,signal,nominal,2,0.0,0.0
bin1,signal,nominal,3,0.0,0.0
bin1,signal,nominal,4,0.0,0.0
bin1,signal,nominal,5,0.0,0.0
bin1,signal,nominal,6,0.0,0.0
bin1,signal,nominal,7,0.0,0.0
bin1,signal,nominal,8,0.0,0.0
bin1,signal,nominal,9,0.0,0.0
bin1,signal,nominal,10,0.0,0.0
bin1,signal,nominal,11,0.0,0.0
bin1,signal,nominal,12,0.0,0.0
bin1,signal,nominal,13,0.0,0.0
bin1,signal,nominal,14,0.3933620159803319,0.3933620159803319
bin1,signal,nominal,15,0.0,0.0
bin1,signal,nominal,16,0.0,0.0
bin1,signal,nominal,17,0.0,0.0
bin1,signal,nominal,18,0.0,0.0
bin1,signal,nominal,19,0.0,0.0
bin1,signal,nominal,20,0.0,0.0
bin1,signal,nominal,21,0.0,0.0
bin1,signal,nominal,22,0.0,0.0
bin1,signal,nominal,23,0.0,0.0
bin1,signal,nominal,24,0.0,0.0
bin1,signal,nominal,25,0.0,0.0
bin1,signal,nominal,26,0.0,0.0
bin1,signal,nominal,27,0.0,0.0
bin1,signal,nominal,28,0.0,0.0
bin1,signal,nominal,29,0.0,0.0
bin1,signal,nominal,30,0.0,0.0
bin1,signal,nominal,31,0.0,0.0
bin1,signal,nominal,32,0.0,0.0
bin1,signal,nominal,33,0.3933620159803319,0.3933620159803319
bin1,signal,nominal,34,0.0,0.0
bin1,signal,nominal,35,0.0,0.0
bin1,signal,nominal,36,0.0,0.0
bin1,signal,nominal,37,0.0,0.0
bin1,signal,nominal,38,0.3933620159803319,0.3933620159803319
bin1,signal,nominal,39,0.0,0.0
bin1,signal,nominal,40,0.3933620159803319,0.3933620159803319
bin1,signal,nominal,41,0.0,0.0
bin1,signal,nominal,42,0.0,0.0
bin1,signal,nominal,43,0.0,0.0
bin1,signal,nominal,44,0.0,0.0
bin1,signal,nominal,45,0.3933620159803319,0.3933620159803319
bin1,signal,nominal,46,0.0,0.0
bin1,signal,nominal,47,0.0,0.0
bin1,signal,nominal,48,1.1800860479409956,1.1800860479409956
bin1,signal,nominal,49,0.0,0.0
bin1,signal,nominal,50,0.3933620159803319,0.3933620159803319
bin1,signal,nominal,51,0.0,0.0
bin1,signal,nominal,52,0.0,0.0
bin1,signal,nominal,53,0.0,0.0
bin1,signal,nominal,54,0.0,0.0
bin1,signal,nominal,55,0.3933620159803319,0.3933620159803319
bin1,signal,nominal,56,0.0,0.0
bin1,signal,nominal,57,0.0,0.0
bin1,signal,nominal,58,0.0,0.0
bin1,signal,nominal,59,0.0,0.0
bin1,signal,nominal,60,0.3933620159803319,0.3933620159803319
bin1,signal,nominal,61,0.3933620159803319,0.3933620159803319
bin1,signal,nominal,62,0.7867240319606638,0.7867240319606638
bin1,signal,nominal,63,0.3933620159803319,0.3933620159803319
bin1,signal,nominal,64,0.3933620159803319,0.3933620159803319
bin1,signal,nominal,65,0.0,0.0
bin1,signal,nominal,66,0.0,0.0
bin1,signal,nominal,67,0.0,0.0
bin1,signal,nominal,68,0.0,0.0
bin1,signal,nominal,69,1.1800860479409956,1.1800860479409956
bin1,signal,nominal,70,0.3933620159803319,0.3933620159803319
bin1,signal,nominal,71,0.3933620159803319,0.3933620159803319
bin1,signal,nominal,72,0.7867240319606638,0.7867240319606638
bin1,signal,nominal,73,0.0,0.0
bin1,signal,nominal,74,1.1800860479409956,1.1800860479409956
bin1,signal,nominal,75,0.0,0.0
bin1,signal,nominal,76,0.3933620159803319,0.3933620159803319
bin1,signal,nominal,77,1.1800860479409956,1.1800860479409956
bin1,signal,nominal,78,0.3933620159803319,0.3933620159803319
bin1,signal,nominal,79,1.5734480639213275,1.5734480639213275
bin1,signal,nominal,80,1.5734480639213275,1.5734480639213275
bin1,signal,nominal,81,0.7867240319606638,0.7867240319606638
bin1,signal,nominal,82,1.9668100799016595,1.9668100799016595
bin1,signal,nominal,83,1.5734480639213275,1.5734480639213275
bin1,signal,nominal,84,2.360172095881991,2.360172095881991
bin1,signal,nominal,85,1.9668100799016595,1.9668100799016595
bin1,signal,nominal,86,4.326982175783651,4.326982175783651
bin1,signal,nominal,87,3.146896127842655,3.146896127842655
bin1,signal,nominal,88,2.360172095881991,2.360172095881991
bin1,signal,nominal,89,1.5734480639213275,1.5734480639213275
bin1,signal,nominal,90,2.753534111862323,2.753534111862323
bin1,signal,nominal,91,1.9668100799016595,1.9668100799016595
bin1,signal,nominal,92,3.933620159803319,3.933620159803319
bin1,signal,nominal,93,3.540258143822987,3.540258143822987
bin1,signal,nominal,94,3.146896127842655,3.146896127842655
bin1,signal,nominal,95,7.4738783036263055,7.4738783036263055
bin1,signal,nominal,96,6.687154271665642,6.687154271665642
bin1,signal,nominal,97,7.080516287645974,7.080516287645974
bin1,signal,nominal,98,7.4738783036263055,7.4738783036263055
bin1,signal,nominal,99,7.867240319606638,7.867240319606638
bin1,signal,nominal,100,9.440688383527965,9.440688383527965
bin1,signal,nominal,101,9.440688383527965,9.440688383527965
bin1,signal,nominal,102,6.29379225568531,6.29379225568531
bin1,signal,nominal,103,10.620774431468961,10.620774431468961
bin1,signal,nominal,104,5.900430239704979,5.900430239704979
bin1,signal,nominal,105,7.4738783036263055,7.4738783036263055
bin1,signal,nominal,106,11.014136447449292,11.014136447449292
bin1,signal,nominal,107,14.161032575291948,14.161032575291948
bin1,signal,nominal,108,14.947756607252611,14.947756607252611
bin1,signal,nominal,109,18.88137676705593,18.88137676705593
bin1,signal,nominal,110,21.241548862937922,21.241548862937922
bin1,signal,nominal,111,17.307928703134603,17.307928703134603
bin1,signal,nominal,112,20.061462814996926,20.061462814996926
bin1,signal,nominal,113,21.634910878918255,21.634910878918255
bin1,signal,nominal,114,21.241548862937922,21.241548862937922
bin1,signal,nominal,115,16.91456668715427,16.91456668715427
bin1,signal,nominal,116,20.061462814996926,20.061462814996926
bin1,signal,nominal,117,23.20835894283958,23.20835894283958
bin1,signal,nominal,118,25.568531038721574,25.568531038721574
bin1,signal,nominal,119,23.601720958819914,23.601720958819914
bin1,signal,nominal,120,27.1419791026429,27.1419791026429
bin1,signal,nominal,121,36.18930547019053,36.18930547019053
bin1,signal,nominal,122,34.22249539028888,34.22249539028888
bin1,signal,nominal,123,36.58266748617086,36.58266748617086
bin1,signal,nominal,124,35.00921942224954,35.00921942224954
bin1,signal,nominal,125,34.61585740626921,34.61585740626921
bin1,signal,nominal,126,38.549477566072525,38.549477566072525
bin1,signal,nominal,127,36.9760295021512,36.9760295021512
bin1,signal,nominal,128,38.549477566072525,38.549477566072525
bin1,signal,nominal,129,38.942839582052855,38.942839582052855
bin1,signal,nominal,130,43.66318377381684,43.66318377381684
bin1,signal,nominal,131,39.72956361401352,39.72956361401352
bin1,signal,nominal,132,43.26982175783651,43.26982175783651
bin1,signal,nominal,133,42.483097725875844,42.483097725875844
bin1,signal,nominal,134,48.776889981561155,48.776889981561155
bin1,signal,nominal,135,50.35033804548248,50.35033804548248
bin1,signal,nominal,136,48.776889981561155,48.776889981561155
bin1,signal,nominal,137,47.20344191763983,47.20344191763983
bin1,signal,nominal,138,59.004302397049784,59.004302397049784
bin1,signal,nominal,139,47.59680393362016,47.59680393362016
bin1,signal,nominal,140,55.070682237246466,55.070682237246466
bin1,signal,nominal,141,48.38352796558082,48.38352796558082
bin1,signal,nominal,142,55.857406269207125,55.857406269207125
bin1,signal,nominal,143,57.82421634910879,57.82421634910879
bin1,signal,nominal,144,50.74370006146281,50.74370006146281
bin1,signal,nominal,145,56.64413030116779,56.64413030116779
bin1,signal,nominal,146,45.629993853718496,45.629993853718496
bin1,signal,nominal,147,51.92378610940381,51.92378610940381
bin1,signal,nominal,148,50.74370006146281,50.74370006146281
bin1,signal,nominal,149,47.99016594960049,47.99016594960049
bin1,signal,nominal,150,43.26982175783651,43.26982175783651
bin1,signal,nominal,151,44.05654578979717,44.05654578979717
bin1,signal,nominal,152,48.38352796558082,48.38352796558082
bin1,signal,nominal,153,45.629993853718496,45.629993853718496
bin1,signal,nominal,154,47.59680393362016,47.59680393362016
bin1,signal,nominal,155,41.30301167793485,41.30301167793485
bin1,signal,nominal,156,44.843269821757836,44.843269821757836
bin1,signal,nominal,157,43.66318377381684,43.66318377381684
bin1,signal,nominal,158,36.58266748617086,36.58266748617086
bin1,signal,nominal,159,41.30301167793485,41.30301167793485
bin1,signal,nominal,160,31.86232329440688,31.86232329440688
bin1,signal,nominal,161,33.43577135832821,33.43577135832821
bin1,signal,nominal,162,25.568531038721574,25.568531038721574
bin1,signal,nominal,163,31.86232329440688,31.86232329440688
bin1,signal,nominal,164,31.46896127842655,31.46896127842655
bin1,signal,nominal,165,25.568531038721574,25.568531038721574
bin1,signal,nominal,166,28.322065150583896,28.322065150583896
bin1,signal,nominal,167,25.17516902274124,25.17516902274124
bin1,signal,nominal,168,31.075599262446218,31.075599262446218
bin1,signal,nominal,169,14.55439459127228,14.55439459127228
bin1,signal,nominal,170,26.355255070682237,26.355255070682237
bin1,signal,nominal,171,22.028272894898585,22.028272894898585
bin1,signal,nominal,172,24.781807006760907,24.781807006760907
bin1,signal,nominal,173,20.061462814996926,20.061462814996926
bin1,signal,nominal,174,21.241548862937922,21.241548862937922
bin1,signal,nominal,175,19.274738783036263,19.274738783036263
bin1,signal,nominal,176,19.274738783036263,19.274738783036263
bin1,signal,nominal,177,12.194222495390289,12.194222495390289
bin1,signal,nominal,178,15.734480639213276,15.734480639213276
bin1,signal,nominal,179,12.58758451137062,12.58758451137062
bin1,signal,nominal,180,15.341118623232944,15.341118623232944
bin1,signal,nominal,181,14.55439459127228,14.55439459127228
bin1,signal,nominal,182,12.980946527350952,12.980946527350952
bin1,signal,nominal,183,11.800860479409957,11.800860479409957
bin1,signal,nominal,184,11.407498463429624,11.407498463429624
bin1,signal,nominal,185,11.800860479409957,11.800860479409957
bin1,signal,nominal,186,10.620774431468961,10.620774431468961
bin1,signal,nominal,187,10.620774431468961,10.620774431468961
bin1,signal,nominal,188,6.687154271665642,6.687154271665642
bin1,signal,nominal,189,12.194222495390289,12.194222495390289
bin1,signal,nominal,190,11.014136447449292,11.014136447449292
bin1,signal,nominal,191,9.440688383527965,9.440688383527965
bin1,signal,nominal,192,9.047326367547633,9.047326367547633
bin1,signal,nominal,193,7.867240319606638,7.867240319606638
bin1,signal,nominal,194,6.687154271665642,6.687154271665642
bin1,signal,nominal,195,7.867240319606638,7.867240319606638
bin1,signal,nominal,196,6.687154271665642,6.687154271665642
bin1,signal,nominal,197,7.4738783036263055,7.4738783036263055
bin1,signal,nominal,198,9.440688383527965,9.440688383527965
bin1,signal,nominal,199,9.440688383527965,9.440688383527965
bin1,signal,nominal,200,8.26060233558697,8.26060233558697
bin1,signal,nominal,201,5.507068223724646,5.507068223724646
bin1,signal,nominal,202,5.113706207744315,5.113706207744315
bin1,signal,nominal,203,7.867240319606638,7.867240319606638
bin1,signal,nominal,204,6.29379225568531,6.29379225568531
bin1,signal,nominal,205,5.507068223724646,5.507068223724646
bin1,signal,nominal,206,6.29379225568531,6.29379225568531
bin1,signal,nominal,207,5.113706207744315,5.113706207744315
bin1,signal,nominal,208,5.113706207744315,5.113706207744315
bin1,signal,nominal,209,3.540258143822987,3.540258143822987
bin1,signal,nominal,210,7.080516287645974,7.080516287645974
bin1,signal,nominal,211,4.326982175783651,4.326982175783651
bin1,signal,nominal,212,4.326982175783651,4.326982175783651
bin1,signal,nominal,213,5.113706207744315,5.113706207744315
bin1,signal,nominal,214,5.507068223724646,5.507068223724646
bin1,signal,nominal,215,4.720344191763982,4.720344191763982
bin1,signal,nominal,216,6.687154271665642,6.687154271665642
bin1,signal,nominal,217,2.753534111862323,2.753534111862323
bin1,signal,nominal,218,4.720344191763982,4.720344191763982
bin1,signal,nominal,219,3.933620159803319,3.933620159803319
bin1,signal,nominal,220,3.146896127842655,3.146896127842655
bin1,signal,nominal,221,3.146896127842655,3.146896127842655
bin1,signal,nominal,222,3.540258143822987,3.540258143822987
bin1,signal,nominal,223,1.9668100799016595,1.9668100799016595
bin1,signal,nominal,224,4.720344191763982,4.720344191763982
bin1,signal,nominal,225,2.360172095881991,2.360172095881991
bin1,signal,nominal,226,3.540258143822987,3.540258143822987
bin1,signal,nominal,227,1.5734480639213275,1.5734480639213275
bin1,signal,nominal,228,3.146896127842655,3.146896127842655
bin1,signal,nominal,229,3.146896127842655,3.146896127842655
bin1,signal,nominal,230,1.1800860479409956,1.1800860479409956
bin1,signal,nominal,231,3.933620159803319,3.933620159803319
bin1,signal,nominal,232,3.146896127842655,3.146896127842655
bin1,signal,nominal,233,3.540258143822987,3.540258143822987
bin1,signal,nominal,234,3.146896127842655,3.146896127842655
bin1,signal,nominal,235,3.540258143822987,3.540258143822987
bin1,signal,nominal,236,4.326982175783651,4.326982175783651
bin1,signal,nominal,237,3.146896127842655,3.146896127842655
bin1,signal,nominal,238,2.753534111862323,2.753534111862323
bin1,signal,nominal,239,3.146896127842655,3.146896127842655
bin1,signal,nominal,240,5.507068223724646,5.507068223724646
bin1,signal,nominal,241,2.360172095881991,2.360172095881991
bin1,signal,nominal,242,2.360172095881991,2.360172095881991
bin1,signal,nominal,243,3.540258143822987,3.540258143822987
bin1,signal,nominal,244,0.7867240319606638,0.7867240319606638
bin1,signal,nominal,245,1.5734480639213275,1.5734480639213275
bin1,signal,nominal,246,0.7867240319606638,0.7867240319606638
bin1,signal,nominal,247,0.7867240319606638,0.7867240319606638
bin1,signal,nominal,248,2.753534111862323,2.753534111862323
bin1,signal,nominal,249,0.3933620159803319,0.3933620159803319
bin1,signal,nominal,250,1.9668100799016595,1.9668100799016595
bin1,signal,nominal,251,2.753534111862323,2.753534111862323
bin1,signal,nominal,252,1.1800860479409956,1.1800860479409956
bin1,signal,nominal,253,1.9668100799016595,1.9668100799016595
bin1,signal,nominal,254,2.360172095881991,2.360172095881991
bin1,signal,nominal,255,1.1800860479409956,1.1800860479409956
bin1,signal,nominal,256,3.540258143822987,3.540258143822987
bin1,signal,nominal,257,1.9668100799016595,1.9668100799016595
bin1,signal,nominal,258,1.1800860479409956,1.1800860479409956
bin1,signal,nominal,259,1.9668100799016595,1.9668100799016595
bin1,signal,nominal,260,2.360172095881991,2.360172095881991
bin1,signal,nominal,261,1.5734480639213275,1.5734480639213275
bin1,signal,nominal,262,2.753534111862323,2.753534111862323
bin1,signal,nominal,263,2.753534111862323,2.753534111862323
bin1,signal,nominal,264,1.5734480639213275,1.5734480639213275
bin1,signal,nominal,265,1.5734480639213275,1.5734480639213275
bin1,signal,nominal,266,0.7867240319606638,0.7867240319606638
bin1,signal,nominal,267,0.7867240319606638,0.7867240319606638
bin1,signal,nominal,268,1.1800860479409956,1.1800860479409956
bin1,signal,nominal,269,0.7867240319606638,0.7867240319606638
bin1,signal,nominal,270,0.7867240319606638,0.7867240319606638
bin1,signal,nominal,271,1.5734480639213275,1.5734480639213275
bin1,signal,nominal,272,2.360172095881991,2.360172095881991
bin1,signal,nominal,273,1.1800860479409956,1.1800860479409956
bin1,signal,nominal,274,2.753534111862323,2.753534111862323
bin1,signal,nominal,275,0.3933620159803319,0.3933620159803319
bin1,signal,nominal,276,0.3933620159803319,0.3933620159803319
bin1,signal,nominal,277,0.7867240319606638,0.7867240319606638
bin1,signal,nominal,278,0.7867240319606638,0.7867240319606638
bin1,signal,nominal,279,1.9668100799016595,1.9668100799016595
bin1,signal,nominal,280,2.360172095881991,2.360172095881991
bin1,signal,nominal,281,0.7867240319606638,0.7867240319606638
bin1,signal,nominal,282,1.5734480639213275,1.5734480639213275
bin1,signal,nominal,283,0.3933620159803319,0.3933620159803319
bin1,signal,nominal,284,0.0,0.0
bin1,signal,nominal,285,0.3933620159803319,0.3933620159803319
bin1,signal,nominal,286,0.7867240319606638,0.7867240319606638
bin1,signal,nominal,287,1.5734480639213275,1.5734480639213275
bin1,signal,nominal,288,0.7867240319606638,0.7867240319606638
bin1,signal,nominal,289,1.1800860479409956,1.1800860479409956
bin1,signal,nominal,290,0.7867240319606638,0.7867240319606638
bin1,signal,nominal,291,1.1800860479409956,1.1800860479409956
bin1,signal,nominal,292,0.0,0.0
bin1,signal,nominal,293,0.3933620159803319,0.3933620159803319
bin1,signal,nominal,294,0.3933620159803319,0.3933620159803319
bin1,signal,nominal,295,0.0,0.0
bin1,signal,nominal,296,0.7867240319606638,0.7867240319606638
bin1,signal,nominal,297,0.3933620159803319,0.3933620159803319
bin1,signal,nominal,298,0.3933620159803319,0.3933620159803319
bin1,signal,nominal,299,0.7867240319606638,0.7867240319606638
bin1,signal,nominal,300,0.3933620159803319,0.3933620159803319
bin1,signal,nominal,301,0.3933620159803319,0.3933620159803319
bin1,signal,nominal,302,0.3933620159803319,0.3933620159803319
bin1,signal,nominal,303,1.1800860479409956,1.1800860479409956
bin1,signal,nominal,304,0.7867240319606638,0.7867240319606638
bin1,signal,nominal,305,0.0,0.0
bin1,signal,nominal,306,0.7867240319606638,0.7867240319606638
bin1,signal,nominal,307,0.3933620159803319,0.3933620159803319
bin1,signal,nominal,308,0.0,0.0
bin1,signal,nominal,309,0.0,0.0
bin1,signal,nominal,310,0.0,0.0
bin1,signal,nominal,311,0.3933620159803319,0.3933620159803319
bin1,signal,nominal,312,0.3933620159803319,0.3933620159803319
bin1,signal,nominal,313,0.7867240319606638,0.7867240319606638
bin1,signal,nominal,314,0.3933620159803319,0.3933620159803319
bin1,signal,nominal,315,0.7867240319606638,0.7867240319606638
bin1,signal,nominal,316,0.7867240319606638,0.7867240319606638
bin1,signal,nominal,317,1.9668100799016595,1.9668100799016595
bin1,signal,nominal,318,1.5734480639213275,1.5734480639213275
bin1,signal,nominal,319,0.3933620159803319,0.3933620159803319
bin1,signal,nominal,320,0.0,0.0
bin1,signal,nominal,321,0.0,0.0
bin1,signal,nominal,322,0.3933620159803319,0.3933620159803319
bin1,signal,nominal,323,0.0,0.0
bin1,signal,nominal,324,0.3933620159803319,0.3933620159803319
bin1,signal,nominal,325,0.3933620159803319,0.3933620159803319
bin1,signal,nominal,326,0.0,0.0
bin1,signal,nominal,327,0.0,0.0
bin1,signal,nominal,328,1.1800860479409956,1.1800860479409956
bin1,signal,nominal,329,0.3933620159803319,0.3933620159803319
bin1,signal,nominal,330,0.7867240319606638,0.7867240319606638
bin1,signal,nominal,331,0.7867240319606638,0.7867240319606638
bin1,signal,nominal,332,0.3933620159803319,0.3933620159803319
bin1,signal,nominal,333,0.7867240319606638,0.7867240319606638
bin1,signal,nominal,334,0.0,0.0
bin1,signal,nominal,335,0.7867240319606638,0.7867240319606638
bin1,signal,nominal,336,0.3933620159803319,0.3933620159803319
bin1,signal,nominal,337,0.0,0.0
bin1,signal,nominal,338,0.7867240319606638,0.7867240319606638
bin1,signal,nominal,339,0.3933620159803319,0.3933620159803319
bin1,signal,nominal,340,0.0,0.0
bin1,signal,nominal,341,0.0,0.0
bin1,signal,nominal,342,0.3933620159803319,0.3933620159803319
bin1,signal,nominal,343,0.7867240319606638,0.7867240319606638
bin1,signal,nominal,344,0.0,0.0
bin1,signal,nominal,345,0.0,0.0
bin1,signal,nominal,346,0.3933620159803319,0.3933620159803319
bin1,signal,nominal,347,0.0,0.0
bin1,signal,nominal,348,0.7867240319606638,0.7867240319606638
bin1,signal,nominal,349,0.0,0.0
bin1,signal,nominal,350,0.3933620159803319,0.3933620159803319
bin1,signal,nominal,351,0.0,0.0
bin1,signal,nominal,352,0.0,0.0
bin1,signal,nominal,353,0.0,0.0
bin1,signal,nominal,354,0.0,0.0
bin1,signal,nominal,355,0.0,0.0
bin1,signal,nominal,356,0.0,0.0
bin1,signal,nominal,357,0.0,0.0
bin1,signal,nominal,358,0.0,0.0
bin1,signal,nominal,359,0.0,0.0
bin1,signal,nominal,360,0.0,0.0
bin1,signal,nominal,361,0.0,0.0
bin1,signal,nominal,362,0.0,0.0
bin1,signal,nominal,363,0.3933620159803319,0.3933620159803319
bin1,signal,nominal,364,0.0,0.0
bin1,signal,nominal,365,0.3933620159803319,0.3933620159803319
bin1,signal,nominal,366,0.0,0.0
bin1,signal,nominal,367,0.3933620159803319,0.3933620159803319
bin1,signal,nominal,368,0.0,0.0
bin1,signal,nominal,369,0.0,0.0
bin1,signal,nominal,370,0.0,0.0
bin1,signal,nominal,371,0.0,0.0
bin1,signal,nominal,372,0.0,0.0
bin1,signal,nominal,373,0.7867240319606638,0.7867240319606638
bin1,signal,nominal,374,0.3933620159803319,0.3933620159803319
bin1,signal,nominal,375,0.0,0.0
bin1,signal,nominal,376,0.0,0.0
bin1,signal,nominal,377,0.0,0.0
bin1,signal,nominal,378,0.0,0.0
bin1,signal,nominal,379,0.0,0.0
bin1,signal,nominal,380,0.0,0.0
bin1,signal,nominal,381,0.0,0.0
bin1,signal,nominal,382,0.0,0.0
bin1,signal,nominal,383,0.3933620159803319,0.3933620159803319
bin1,signal,nominal,384,0.0,0.0
bin1,signal,nominal,385,0.0,0.0
bin1,signal,nominal,386,0.0,0.0
bin1,signal,nominal,387,0.3933620159803319,0.3933620159803319
bin1,signal,nominal,388,0.0,0.0
bin1,signal,nominal,389,0.0,0.0
bin1,signal,nominal,390,0.0,0.0
bin1,signal,nominal,391,0.0,0.0
bin1,signal,nominal,392,0.0,0.0
bin1,signal,nominal,393,0.3933620159803319,0.3933620159803319
bin1,signal,nominal,394,0.0,0.0
bin1,signal,nominal,395,0.7867240319606638,0.7867240319606638
bin1,signal,nominal,396,0.0,0.0
bin1,signal,nominal,397,0.3933620159803319,0.3933620159803319
bin1,signal,nominal,398,0.0,0.0
bin1,signal,nominal,399,0.0,0.0
bin1,signal,nominal,400,0.3933620159803319,0.3933620159803319
bin1,signal,nominal,401,0.0,0.0
bin1,signal,nominal,402,0.0,0.0
bin1,signal,nominal,403,0.0,0.0
bin1,signal,nominal,404,0.0,0.0
bin1,signal,nominal,405,0.0,0.0
bin1,signal,nominal,406,0.0,0.0
bin1,signal,nominal,407,0.0,0.0
bin1,signal,nominal,408,0.0,0.0
bin1,signal,nominal,409,0.0,0.0
bin1,signal,nominal,410,0.0,0.0
bin1,signal,nominal,411,0.0,0.0
bin1,signal,nominal,412,0.0,0.0
bin1,signal,nominal,413,0.0,0.0
bin1,signal,nominal,414,0.0,0.0
bin1,signal,nominal,415,0.0,0.0
bin1,signal,nominal,416,0.0,0.0
bin1,signal,nominal,417,0.0,0.0
bin1,signal,nominal,418,0.0,0.0
bin1,signal,nominal,419,0.3933620159803319,0.3933620159803319
bin1,signal,nominal,420,0.0,0.0
bin1,signal,nominal,421,0.0,0.0
bin1,signal,nominal,422,0.0,0.0
bin1,signal,nominal,423,0.0,0.0
bin1,signal,nominal,424,0.0,0.0
bin1,signal,nominal,425,0.0,0.0
bin1,signal,nominal,426,0.0,0.0
bin1,signal,nominal,427,0.0,0.0
bin1,signal,nominal,428,0.0,0.0
bin1,signal,nominal,429,0.0,0.0
bin1,signal,nominal,430,0.0,0.0
bin1,signal,nominal,431,0.0,0.0
bin1,signal,nominal,432,0.0,0.0
bin1,signal,nominal,433,0.0,0.0
bin1,signal,nominal,434,0.0,0.0
bin1,signal,nominal,435,0.0,0.0
bin1,signal,nominal,436,0.0,0.0
bin1,signal,nominal,437,0.0,0.0
bin1,signal,nominal,438,0.0,0.0
bin1,signal,nominal,439,0.0,0.0
bin1,signal,nominal,440,0.0,0.0
bin1,signal,nominal,441,0.0,0.0
bin1,signal,nominal,442,0.0,0.0
bin1,signal,nominal,443,0.0,0.0
bin1,signal,nominal,444,0.0,0.0
bin1,signal,nominal,445,0.3933620159803319,0.3933620159803319
bin1,signal,nominal,446,0.0,0.0
bin1,signal,nominal,447,0.0,0.0
bin1,signal,nominal,448,0.0,0.0
bin1,signal,nominal,449,0.0,0.0
bin1,signal,nominal,450,0.0,0.0
bin1,signal,nominal,451,0.0,0.0
bin1,signal,nominal,452,0.0,0.0
bin1,signal,nominal,453,0.0,0.0
bin1,signal,nominal,454,0.0,0.0
bin1,signal,nominal,455,0.0,0.0
bin1,signal,nominal,456,0.0,0.0
bin1,signal,nominal,457,0.0,0.0
bin1,signal,nominal,458,0.0,0.0
bin1,signal,nominal,459,0.0,0.0
bin1,signal,nominal,460,0.0,0.0
bin1,signal,nominal,461,0.0,0.0
bin1,signal,nominal,462,0.0,0.0
bin1,signal,nominal,463,0.0,0.0
bin1,signal,nominal,464,0.0,0.0
bin1,signal,nominal,465,0.0,0.0
bin1,signal,nominal,466,0.0,0.0
bin1,signal,nominal,467,0.0,0.0
bin1,signal,nominal,468,0.0,0.0
bin1,signal,nominal,469,0.3933620159803319,0.3933620159803319
bin1,signal,nominal,470,0.0,0.0
bin1,signal,nominal,471,0.3933620159803319,0.3933620159803319
bin1,signal,nominal,472,0.0,0.0
bin1,signal,nominal,473,0.0,0.0
bin1,signal,nominal,474,0.0,0.0
bin1,signal,nominal,475,0.0,0.0
bin1,signal,nominal,476,0.0,0.0
bin1,signal,nominal,477,0.0,0.0
bin1,signal,nominal,478,0.0,0.0
bin1,signal,nominal,479,0.0,0.0
bin1,signal,nominal,480,0.0,0.0
bin1,signal,nominal,481,0.0,0.0
bin1,signal,nominal,482,0.0,0.0
bin1,signal,nominal,483,0.0,0.0
bin1,signal,nominal,484,0.0,0.0
bin1,signal,nominal,485,0.0,0.0
bin1,signal,nominal,486,0.0,0.0
bin1,signal,nominal,487,0.0,0.0
bin1,signal,nominal,488,0.0,0.0
bin1,signal,nominal,489,0.3933620159803319,0.3933620159803319
bin1,signal,nominal,490,0.0,0.0
bin1,signal,nominal,491,0.0,0.0
bin1,signal,nominal,492,0.0,0.0
bin1,signal,nominal,493,0.0,0.0
bin1,signal,nominal,494,0.0,0.0
bin1,signal,nominal,495,0.0,0.0
bin1,signal,nominal,496,0.0,0.0
bin1,signal,nominal,497,0.0,0.0
bin1,signal,nominal,498,0.0,0.0
bin1,signal,nominal,499,0.0,0.0
bin1,data_obs,nominal,0,1825.0,1825.0
bin1,data_obs,nominal,1,2014.0,2014.0
bin1,data_obs,nominal,2,2196.0,2196.0
bin1,data_obs,nominal,3,2335.0,2335.0
bin1,data_obs,nominal,4,2569.0,2569.0
bin1,data_obs,nominal,5,2730.0,2730.0
bin1,data_obs,nominal,6,2810.0,2810.0
bin1,data_obs,nominal,7,2953.0,2953.0
bin1,data_obs,nominal,8,3098.0,3098.0
bin1,data_obs,nominal,9,3321.0,3321.0
bin1,data_obs,nominal,10,3600.0,3600.0
bin1,data_obs,nominal,11,3705.0,3705.0
bin1,data_obs,nominal,12,3946.0,3946.0
bin1,data_obs,nominal,13,4030.0,4030.0
bin1,data_obs,nominal,14,4321.0,4321.0
bin1,data_obs,nominal,15,4517.0,4517.0
bin1,data_obs,nominal,16,4703.0,4703.0
bin1,data_obs,nominal,17,4665.0,4665.0
bin1,data_obs,nominal,18,4801.0,4801.0
bin1,data_obs,nominal,19,4940.0,4940.0
bin1,data_obs,nominal,20,5066.0,5066.0
bin1,data_obs,nominal,21,5159.0,5159.0
bin1,data_obs,nominal,22,5157.0,5157.0
bin1,data_obs,nominal,23,5381.0,5381.0
bin1,data_obs,nominal,24,5494.0,5494.0
bin1,data_obs,nominal,25,5597.0,5597.0
bin1,data_obs,nominal,26,5662.0,5662.0
bin1,data_obs,nominal,27,5703.0,5703.0
bin1,data_obs,nominal,28,5722.0,5722.0
bin1,data_obs,nominal,29,5883.0,5883.0
bin1,data_obs,nominal,30,5802.0,5802.0
bin1,data_obs,nominal,31,5919.0,5919.0
bin1,data_obs,nominal,32,5991.0,5991.0
bin1,data_obs,nominal,33,5962.0,5962.0
bin1,data_obs,nominal,34,6204.0,6204.0
bin1,data_obs,nominal,35,6102.0,6102.0
bin1,data_obs,nominal,36,6222.0,6222.0
bin1,data_obs,nominal,37,6169.0,6169.0
bin1,data_obs,nominal,38,6145.0,6145.0
bin1,data_obs,nominal,39,6219.0,6219.0
bin1,data_obs,nominal,40,6305.0,6305.0
bin1,data_obs,nominal,41,6313.0,6313.0
bin1,data_obs,nominal,42,6256.0,6256.0
bin1,data_obs,nominal,43,6251.0,6251.0
bin1,data_obs,nominal,44,6198.0,6198.0
bin1,data_obs,nominal,45,6260.0,6260.0
bin1,data_obs,nominal,46,6293.0,6293.0
bin1,data_obs,nominal,47,6242.0,6242.0
bin1,data_obs,nominal,48,6192.0,6192.0
bin1,data_obs,nominal,49,6372.0,6372.0
bin1,data_obs,nominal,50,6295.0,6295.0
bin1,data_obs,nominal,51,6340.0,6340.0
bin1,data_obs,nominal,52,6234.0,6234.0
bin1,data_obs,nominal,53,6259.0,6259.0
bin1,data_obs,nominal,54,6148.0,6148.0
bin1,data_obs,nominal,55,6040.0,6040.0
bin1,data_obs,nominal,56,6099.0,6099.0
bin1,data_obs,nominal,57,6086.0,6086.0
bin1,data_obs,nominal,58,6248.0,6248.0
bin1,data_obs,nominal,59,6290.0,6290.0
bin1,data_obs,nominal,60,6136.0,6136.0
bin1,data_obs,nominal,61,6006.0,6006.0
bin1,data_obs,nominal,62,6129.0,6129.0
bin1,data_obs,nominal,63,5961.0,5961.0
bin1,data_obs,nominal,64,5879.0,5879.0
bin1,data_obs,nominal,65,5953.0,5953.0
bin1,data_obs,nominal,66,5997.0,5997.0
bin1,data_obs,nominal,67,6061.0,6061.0
bin1,data_obs,nominal,68,6000.0,6000.0
bin1,data_obs,nominal,69,5921.0,5921.0
bin1,data_obs,nominal,70,5904.0,5904.0
bin1,data_obs,nominal,71,5838.0,5838.0
bin1,data_obs,nominal,72,5755.0,5755.0
bin1,data_obs,nominal,73,5648.0,5648.0
bin1,data_obs,nominal,74,5681.0,5681.0
bin1,data_obs,nominal,75,5580.0,5580.0
bin1,data_obs,nominal,76,5644.0,5644.0
bin1,data_obs,nominal,77,5669.0,5669.0
bin1,data_obs,nominal,78,5624.0,5624.0
bin1,data_obs,nominal,79,5483.0,5483.0
bin1,data_obs,nominal,80,5500.0,5500.0
bin1,data_obs,nominal,81,5499.0,5499.0
bin1,data_obs,nominal,82,5377.0,5377.0
bin1,data_obs,nominal,83,5422.0,5422.0
bin1,data_obs,nominal,84,5351.0,5351.0
bin1,data_obs,nominal,85,5192.0,5192.0
bin1,data_obs,nominal,86,5173.0,5173.0
bin1,data_obs,nominal,87,5349.0,5349.0
bin1,data_obs,nominal,88,5187.0,5187.0
bin1,data_obs,nominal,89,5038.0,5038.0
bin1,data_obs,nominal,90,5115.0,5115.0
bin1,data_obs,nominal,91,5120.0,5120.0
bin1,data_obs,nominal,92,4949.0,4949.0
bin1,data_obs,nominal,93,5032.0,5032.0
bin1,data_obs,nominal,94,4926.0,4926.0
bin1,data_obs,nominal,95,4940.0,4940.0
bin1,data_obs,nominal,96,4855.0,4855.0
bin1,data_obs,nominal,97,4828.0,4828.0
bin1,data_obs,nominal,98,4697.0,4697.0
bin1,data_obs,nominal,99,4660.0,4660.0
bin1,data_obs,nominal,100,4777.0,4777.0
bin1,data_obs,nominal,101,4629.0,4629.0
bin1,data_obs,nominal,102,4673.0,4673.0
bin1,data_obs,nominal,103,4555.0,4555.0
bin1,data_obs,nominal,104,4498.0,4498.0
bin1,data_obs,nominal,105,4676.0,4676.0
bin1,data_obs,nominal,106,4623.0,4623.0
bin1,data_obs,nominal,107,4461.0,4461.0
bin1,data_obs,nominal,108,4386.0,4386.0
bin1,data_obs,nominal,109,4314.0,4314.0
bin1,data_obs,nominal,110,4391.0,4391.0
bin1,data_obs,nominal,111,4403.0,4403.0
bin1,data_obs,nominal,112,4301.0,4301.0
bin1,data_obs,nominal,113,4304.0,4304.0
bin1,data_obs,nominal,114,4382.0,4382.0
bin1,data_obs,nominal,115,4218.0,4218.0
bin1,data_obs,nominal,116,4113.0,4113.0
bin1,data_obs,nominal,117,4087.0,4087.0
bin1,data_obs,nominal,118,3987.0,3987.0
bin1,data_obs,nominal,119,3950.0,3950.0
bin1,data_obs,nominal,120,4102.0,4102.0
bin1,data_obs,nominal,121,3927.0,3927.0
bin1,data_obs,nominal,122,3839.0,3839.0
bin1,data_obs,nominal,123,3970.0,3970.0
bin1,data_obs,nominal,124,3816.0,3816.0
bin1,data_obs,nominal,125,3856.0,3856.0
bin1,data_obs,nominal,126,3835.0,3835.0
bin1,data_obs,nominal,127,3792.0,3792.0
bin1,data_obs,nominal,128,3607.0,3607.0
bin1,data_obs,nominal,129,3716.0,3716.0
bin1,data_obs,nominal,130,3737.0,3737.0
bin1,data_obs,nominal,131,3687.0,3687.0
bin1,data_obs,nominal,132,3597.0,3597.0
bin1,data_obs,nominal,133,3528.0,3528.0
bin1,data_obs,nominal,134,3528.0,3528.0
bin1,data_obs,nominal,135,3482.0,3482.0
bin1,data_obs,nominal,136,3572.0,3572.0
bin1,data_obs,nominal,137,3428.0,3428.0
bin1,data_obs,nominal,138,3388.0,3388.0
bin1,data_obs,nominal,139,3368.0,3368.0
bin1,data_obs,nominal,140,3351.0,3351.0
bin1,data_obs,nominal,141,3294.0,3294.0
bin1,data_obs,nominal,142,3269.0,3269.0
bin1,data_obs,nominal,143,3272.0,3272.0
bin1,data_obs,nominal,144,3303.0,3303.0
bin1,data_obs,nominal,145,3069.0,3069.0
bin1,data_obs,nominal,146,3132.0,3132.0
bin1,data_obs,nominal,147,3056.0,3056.0
bin1,data_obs,nominal,148,3120.0,3120.0
bin1,data_obs,nominal,149,3031.0,3031.0
bin1,data_obs,nominal,150,2979.0,2979.0
bin1,data_obs,nominal,151,2961.0,2961.0
bin1,data_obs,nominal,152,2847.0,2847.0
bin1,data_obs,nominal,153,2919.0,2919.0
bin1,data_obs,nominal,154,2911.0,2911.0
bin1,data_obs,nominal,155,2852.0,2852.0
bin1,data_obs,nominal,156,2805.0,2805.0
bin1,data_obs,nominal,157,2825.0,2825.0
bin1,data_obs,nominal,158,2780.0,2780.0
bin1,data_obs,nominal,159,2717.0,2717.0
bin1,data_obs,nominal,160,2696.0,2696.0
bin1,data_obs,nominal,161,2736.0,2736.0
bin1,data_obs,nominal,162,2733.0,2733.0
bin1,data_obs,nominal,163,2666.0,2666.0
bin1,data_obs,nominal,164,2572.0,2572.0
bin1,data_obs,nominal,165,2624.0,2624.0
bin1,data_obs,nominal,166,2536.0,2536.0
bin1,data_obs,nominal,167,2526.0,2526.0
bin1,data_obs,nominal,168,2443.0,2443.0
bin1,data_obs,nominal,169,2457.0,2457.0
bin1,data_obs,nominal,170,2438.0,2438.0
bin1,data_obs,nominal,171,2357.0,2357.0
bin1,data_obs,nominal,172,2437.0,2437.0
bin1,data_obs,nominal,173,2361.0,2361.0
bin1,data_obs,nominal,174,2312.0,2312.0
bin1,data_obs,nominal,175,2262.0,2262.0
bin1,data_obs,nominal,176,2337.0,2337.0
bin1,data_obs,nominal,177,2154.0,2154.0
bin1,data_obs,nominal,178,2187.0,2187.0
bin1,data_obs,nominal,179,2032.0,2032.0
bin1,data_obs,nominal,180,2168.0,2168.0
bin1,data_obs,nominal,181,2143.0,2143.0
bin1,data_obs,nominal,182,2075.0,2075.0
bin1,data_obs,nominal,183,2096.0,2096.0
bin1,data_obs,nominal,184,2071.0,2071.0
bin1,data_obs,nominal,185,1970.0,1970.0
bin1,data_obs,nominal,186,1961.0,1961.0
bin1,data_obs,nominal,187,1999.0,1999.0
bin1,data_obs,nominal,188,2034.0,2034.0
bin1,data_obs,nominal,189,1916.0,1916.0
bin1,data_obs,nominal,190,1960.0,1960.0
bin1,data_obs,nominal,191,1879.0,1879.0
bin1,data_obs,nominal,192,1878.0,1878.0
bin1,data_obs,nominal,193,1760.0,1760.0
bin1,data_obs,nominal,194,1847.0,1847.0
bin1,data_obs,nominal,195,1782.0,1782.0
bin1,data_obs,nominal,196,1714.0,1714.0
bin1,data_obs,nominal,197,1695.0,1695.0
bin1,data_obs,nominal,198,1642.0,1642.0
bin1,data_obs,nominal,199,1574.0,1574.0
bin1,data_obs,nominal,200,1563.0,1563.0
bin1,data_obs,nominal,201,1707.0,1707.0
bin1,data_obs,nominal,202,1654.0,1654.0
bin1,data_obs,nominal,203,1555.0,1555.0
bin1,data_obs,nominal,204,1538.0,1538.0
bin1,data_obs,nominal,205,1589.0,1589.0
bin1,data_obs,nominal,206,1614.0,1614.0
bin1,data_obs,nominal,207,1541.0,1541.0
bin1,data_obs,nominal,208,1520.0,1520.0
bin1,data_obs,nominal,209,1479.0,1479.0
bin1,data_obs,nominal,210,1430.0,1430.0
bin1,data_obs,nominal,211,1435.0,1435.0
bin1,data_obs,nominal,212,1435.0,1435.0
bin1,data_obs,nominal,213,1440.0,1440.0
bin1,data_obs,nominal,214,1375.0,1375.0
bin1,data_obs,nominal,215,1350.0,1350.0
bin1,data_obs,nominal,216,1355.0,1355.0
bin1,data_obs,nominal,217,1302.0,1302.0
bin1,data_obs,nominal,218,1310.0,1310.0
bin1,data_obs,nominal,219,1383.0,1383.0
bin1,data_obs,nominal,220,1279.0,1279.0
bin1,data_obs,nominal,221,1254.0,1254.0
bin1,data_obs,nominal,222,1311.0,1311.0
bin1,data_obs,nominal,223,1285.0,1285.0
bin1,data_obs,nominal,224,1238.0,1238.0
bin1,data_obs,nominal,225,1239.0,1239.0
bin1,data_obs,nominal,226,1216.0,1216.0
bin1,data_obs,nominal,227,1184.0,1184.0
bin1,data_obs,nominal,228,1151.0,1151.0
bin1,data_obs,nominal,229,1236.0,1236.0
bin1,data_obs,nominal,230,1171.0,1171.0
bin1,data_obs,nominal,231,1193.0,1193.0
bin1,data_obs,nominal,232,1116.0,1116.0
bin1,data_obs,nominal,233,1072.0,1072.0
bin1,data_obs,nominal,234,1104.0,1104.0
bin1,data_obs,nominal,235,1112.0,1112.0
bin1,data_obs,nominal,236,1045.0,1045.0
bin1,data_obs,nominal,237,1046.0,1046.0
bin1,data_obs,nominal,238,1092.0,1092.0
bin1,data_obs,nominal,239,1020.0,1020.0
bin1,data_obs,nominal,240,1026.0,1026.0
bin1,data_obs,nominal,241,1062.0,1062.0
bin1,data_obs,nominal,242,996.0,996.0
bin1,data_obs,nominal,243,1004.0,1004.0
bin1,data_obs,nominal,244,943.0,943.0
bin1,data_obs,nominal,245,955.0,955.0
bin1,data_obs,nominal,246,933.0,933.0
bin1,data_obs,nominal,247,897.0,897.0
bin1,data_obs,nominal,248,895.0,895.0
bin1,data_obs,nominal,249,891.0,891.0
bin1,data_obs,nominal,250,899.0,899.0
bin1,data_obs,nominal,251,882.0,882.0
bin1,data_obs,nominal,252,850.0,850.0
bin1,data_obs,nominal,253,795.0,795.0
bin1,data_obs,nominal,254,840.0,840.0
bin1,data_obs,nominal,255,856.0,856.0
bin1,data_obs,nominal,256,843.0,843.0
bin1,data_obs,nominal,257,746.0,746.0
bin1,data_obs,nominal,258,823.0,823.0
bin1,data_obs,nominal,259,781.0,781.0
bin1,data_obs,nominal,260,787.0,787.0
bin1,data_obs,nominal,261,759.0,759.0
bin1,data_obs,nominal,262,773.0,773.0
bin1,data_obs,nominal,263,749.0,749.0
bin1,data_obs,nominal,264,733.0,733.0
bin1,data_obs,nominal,265,736.0,736.0
bin1,data_obs,nominal,266,672.0,672.0
bin1,data_obs,nominal,267,704.0,704.0
bin1,data_obs,nominal,268,667.0,667.0
bin1,data_obs,nominal,269,655.0,655.0
bin1,data_obs,nominal,270,657.0,657.0
bin1,data_obs,nominal,271,649.0,649.0
bin1,data_obs,nominal,272,640.0,640.0
bin1,data_obs,nominal,273,609.0,609.0
bin1,data_obs,nominal,274,639.0,639.0
bin1,data_obs,nominal,275,613.0,613.0
bin1,data_obs,nominal,276,613.0,613.0
bin1,data_obs,nominal,277,629.0,629.0
bin1,data_obs,nominal,278,613.0,613.0
bin1,data_obs,nominal,279,587.0,587.0
bin1,data_obs,nominal,280,582.0,582.0
bin1,data_obs,nominal,281,580.0,580.0
bin1,data_obs,nominal,282,577.0,577.0
bin1,data_obs,nominal,283,594.0,594.0
bin1,data_obs,nominal,284,508.0,508.0
bin1,data_obs,nominal,285,530.0,530.0
bin1,data_obs,nominal,286,516.0,516.0
bin1,data_obs,nominal,287,528.0,528.0
bin1,data_obs,nominal,288,534.0,534.0
bin1,data_obs,nominal,289,486.0,486.0
bin1,data_obs,nominal,290,536.0,536.0
bin1,data_obs,nominal,291,491.0,491.0
bin1,data_obs,nominal,292,477.0,477.0
bin1,data_obs,nominal,293,474.0,474.0
bin1,data_obs,nominal,294,480.0,480.0
bin1,data_obs,nominal,295,475.0,475.0
bin1,data_obs,nominal,296,468.0,468.0
bin1,data_obs,nominal,297,460.0,460.0
bin1,data_obs,nominal,298,455.0,455.0
bin1,data_obs,nominal,299,484.0,484.0
bin1,data_obs,nominal,300,393.0,393.0
bin1,data_obs,nominal,301,414.0,414.0
bin1,data_obs,nominal,302,417.0,417.0
bin1,data_obs,nominal,303,427.0,427.0
bin1,data_obs,nominal,304,422.0,422.0
bin1,data_obs,nominal,305,390.0,390.0
bin1,data_obs,nominal,306,417.0,417.0
bin1,data_obs,nominal,307,397.0,397.0
bin1,data_obs,nominal,308,330.0,330.0
bin1,data_obs,nominal,309,365.0,365.0
bin1,data_obs,nominal,310,385.0,385.0
bin1,data_obs,nominal,311,365.0,365.0
bin1,data_obs,nominal,312,367.0,367.0
bin1,data_obs,nominal,313,353.0,353.0
bin1,data_obs,nominal,314,310.0,310.0
bin1,data_obs,nominal,315,337.0,337.0
bin1,data_obs,nominal,316,352.0,352.0
bin1,data_obs,nominal,317,344.0,344.0
bin1,data_obs,nominal,318,312.0,312.0
bin1,data_obs,nominal,319,303.0,303.0
bin1,data_obs,nominal,320,328.0,328.0
bin1,data_obs,nominal,321,317.0,317.0
bin1,data_obs,nominal,322,309.0,309.0
bin1,data_obs,nominal,323,310.0,310.0
bin1,data_obs,nominal,324,334.0,334.0
bin1,data_obs,nominal,325,313.0,313.0
bin1,data_obs,nominal,326,284.0,284.0
bin1,data_obs,nominal,327,293.0,293.0
bin1,data_obs,nominal,328,275.0,275.0
bin1,data_obs,nominal,329,278.0,278.0
bin1,data_obs,nominal,330,315.0,315.0
bin1,data_obs,nominal,331,254.0,254.0
bin1,data_obs,nominal,332,247.0,247.0
bin1,data_obs,nominal,333,257.0,257.0
bin1,data_obs,nominal,334,236.0,236.0
bin1,data_obs,nominal,335,251.0,251.0
bin1,data_obs,nominal,336,245.0,245.0
bin1,data_obs,nominal,337,234.0,234.0
bin1,data_obs,nominal,338,237.0,237.0
bin1,data_obs,nominal,339,229.0,229.0
bin1,data_obs,nominal,340,227.0,227.0
bin1,data_obs,nominal,341,221.0,221.0
bin1,data_obs,nominal,342,211.0,211.0
bin1,data_obs,nominal,343,229.0,229.0
bin1,data_obs,nominal,344,205.0,205.0
bin1,data_obs,nominal,345,215.0,215.0
bin1,data_obs,nominal,346,223.0,223.0
bin1,data_obs,nominal,347,225.0,225.0
bin1,data_obs,nominal,348,213.0,213.0
bin1,data_obs,nominal,349,175.0,175.0
bin1,data_obs,nominal,350,210.0,210.0
bin1,data_obs,nominal,351,204.0,204.0
bin1,data_obs,nominal,352,203.0,203.0
bin1,data_obs,nominal,353,185.0,185.0
bin1,data_obs,nominal,354,202.0,202.0
bin1,data_obs,nominal,355,167.0,167.0
bin1,data_obs,nominal,356,164.0,164.0
bin1,data_obs,nominal,357,149.0,149.0
bin1,data_obs,nominal,358,187.0,187.0
bin1,data_obs,nominal,359,163.0,163.0
bin1,data_obs,nominal,360,202.0,202.0
bin1,data_obs,nominal,361,165.0,165.0
bin1,data_obs,nominal,362,167.0,167.0
bin1,data_obs,nominal,363,173.0,173.0
bin1,data_obs,nominal,364,149.0,149.0
bin1,data_obs,nominal,365,162.0,162.0
bin1,data_obs,nominal,366,157.0,157.0
bin1,data_obs,nominal,367,171.0,171.0
bin1,data_obs,nominal,368,145.0,145.0
bin1,data_obs,nominal,369,164.0,164.0
bin1,data_obs,nominal,370,133.0,133.0
bin1,data_obs,nominal,371,136.0,136.0
bin1,data_obs,nominal,372,138.0,138.0
bin1,data_obs,nominal,373,128.0,128.0
bin1,data_obs,nominal,374,137.0,137.0
bin1,data_obs,nominal,375,132.0,132.0
bin1,data_obs,nominal,376,133.0,133.0
bin1,data_obs,nominal,377,124.0,124.0
bin1,data_obs,nominal,378,133.0,133.0
bin1,data_obs,nominal,379,141.0,141.0
bin1,data_obs,nominal,380,120.0,120.0
bin1,data_obs,nominal,381,124.0,124.0
bin1,data_obs,nominal,382,114.0,114.0
bin1,data_obs,nominal,383,125.0,125.0
bin1,data_obs,nominal,384,104.0,104.0
bin1,data_obs,nominal,385,115.0,115.0
bin1,data_obs,nominal,386,99.0,99.0
bin1,data_obs,nominal,387,101.0,101.0
bin1,data_obs,nominal,388,101.0,101.0
bin1,data_obs,nominal,389,105.0,105.0
bin1,data_obs,nominal,390,100.0,100.0
bin1,data_obs,nominal,391,103.0,103.0
bin1,data_obs,nominal,392,118.0,118.0
bin1,data_obs,nominal,393,102.0,102.0
bin1,data_obs,nominal,394,93.0,93.0
bin1,data_obs,nominal,395,94.0,94.0
bin1,data_obs,nominal,396,84.0,84.0
bin1,data_obs,nominal,397,101.0,101.0
bin1,data_obs,nominal,398,96.0,96.0
bin1,data_obs,nominal,399,94.0,94.0
bin1,data_obs,nominal,400,86.0,86.0
bin1,data_obs,nominal,401,92.0,92.0
bin1,data_obs,nominal,402,92.0,92.0
bin1,data_obs,nominal,403,90.0,90.0
bin1,data_obs,nominal,404,81.0,81.0
bin1,data_obs,nominal,405,86.0,86.0
bin1,data_obs,nominal,406,84.0,84.0
bin1,data_obs,nominal,407,71.0,71.0
bin1,data_obs,nominal,408,70.0,70.0
bin1,data_obs,nominal,409,86.0,86.0
bin1,data_obs,nominal,410,80.0,80.0
bin1,data_obs,nominal,411,88.0,88.0
bin1,data_obs,nominal,412,67.0,67.0
bin1,data_obs,nominal,413,67.0,67.0
bin1,data_obs,nominal,414,71.0,71.0
bin1,data_obs,nominal,415,64.0,64.0
bin1,data_obs,nominal,416,55.0,55.0
bin1,data_obs,nominal,417,53.0,53.0
bin1,data_obs,nominal,418,74.0,74.0
bin1,data_obs,nominal,419,59.0,59.0
bin1,data_obs,nominal,420,53.0,53.0
bin1,data_obs,nominal,421,64.0,64.0
bin1,data_obs,nominal,422,66.0,66.0
bin1,data_obs,nominal,423,54.0,54.0
bin1,data_obs,nominal,424,40.0,40.0
bin1,data_obs,nominal,425,52.0,52.0
bin1,data_obs,nominal,426,55.0,55.0
bin1,data_obs,nominal,427,51.0,51.0
bin1,data_obs,nominal,428,55.0,55.0
bin1,data_obs,nominal,429,54.0,54.0
bin1,data_obs,nominal,430,50.0,50.0
bin1,data_obs,nominal,431,49.0,49.0
bin1,data_obs,nominal,432,52.0,52.0
bin1,data_obs,nominal,433,41.0,41.0
bin1,data_obs,nominal,434,44.0,44.0
bin1,data_obs,nominal,435,51.0,51.0
bin1,data_obs,nominal,436,37.0,37.0
bin1,data_obs,nominal,437,55.0,55.0
bin1,data_obs,nominal,438,47.0,47.0
bin1,data_obs,nominal,439,42.0,42.0
bin1,data_obs,nominal,440,40.0,40.0
bin1,data_obs,nominal,441,33.0,33.0
bin1,data_obs,nominal,442,50.0,50.0
bin1,data_obs,nominal,443,38.0,38.0
bin1,data_obs,nominal,444,37.0,37.0
bin1,data_obs,nominal,445,35.0,35.0
bin1,data_obs,nominal,446,39.0,39.0
bin1,data_obs,nominal,447,36.0,36.0
bin1,data_obs,nominal,448,40.0,40.0
bin1,data_obs,nominal,449,44.0,44.0
bin1,data_obs,nominal,450,30.0,30.0
bin1,data_obs,nominal,451,37.0,37.0
bin1,data_obs,nominal,452,29.0,29.0
bin1,data_obs,nominal,453,36.0,36.0
bin1,data_obs,nominal,454,30.0,30.0
bin1,data_obs,nominal,455,24.0,24.0
bin1,data_obs,nominal,456,36.0,36.0
bin1,data_obs,nominal,457,31.0,31.0
bin1,data_obs,nominal,458,28.0,28.0
bin1,data_obs,nominal,459,22.0,22.0
bin1,data_obs,nominal,460,27.0,27.0
bin1,data_obs,nominal,461,26.0,26.0
bin1,data_obs,nominal,462,22.0,22.0
bin1,data_obs,nominal,463,19.0,19.0
bin1,data_obs,nominal,464,32.0,32.0
bin1,data_obs,nominal,465,24.0,24.0
bin1,data_obs,nominal,466,24.0,24.0
bin1,data_obs,nominal,467,20.0,20.0
bin1,data_obs,nominal,468,17.0,17.0
bin1,data_obs,nominal,469,13.0,13.0
bin1,data_obs,nominal,470,18.0,18.0
bin1,data_obs,nominal,471,16.0,16.0
bin1,data_obs,nominal,472,22.0,22.0
bin1,data_obs,nominal,473,20.0,20.0
bin1,data_obs,nominal,474,34.0,34.0
bin1,data_obs,nominal,475,27.0,27.0
bin1,data_obs,nominal,476,17.0,17.0
bin1,data_obs,nominal,477,25.0,25.0
bin1,data_obs,nominal,478,25.0,25.0
bin1,data_obs,nominal,479,23.0,23.0
bin1,data_obs,nominal,480,18.0,18.0
bin1,data_obs,nominal,481,17.0,17.0
bin1,data_obs,nominal,482,22.0,22.0
bin1,data_obs,nominal,483,19.0,19.0
bin1,data_obs,nominal,484,22.0,22.0
bin1,data_obs,nominal,485,15.0,15.0
bin1,data_obs,nominal,486,15.0,15.0
bin1,data_obs,nominal,487,15.0,15.0
bin1,data_obs,nominal,488,19.0,19.0
bin1,data_obs,nominal,489,13.0,13.0
bin1,data_obs,nominal,490,13.0,13.0
bin1,data_obs,nominal,491,26.0,26.0
bin1,data_obs,nominal,492,17.0,17.0
bin1,data_obs,nominal,493,15.0,15.0
bin1,data_obs,nominal,494,15.0,15.0
bin1,data_obs,nominal,495,15.0,15.0
bin1,data_obs,nominal,496,14.0,14.0
bin1,data_obs,nominal,497,11.0,11.0
bin1,data_obs,nominal,498,17.0,17.0
bin1,data_obs,nominal,499,16.0,16.0
